"ticker","id","country","type_label"
"FLEX US Equity","Flex Ltd","US","Technology Hardware & Equipmen"
"ICHR US Equity","Ichor Holdings Ltd","US","Semiconductors & Semiconductor"
"CLS CN Equity","Celestica Inc","CA","Technology Hardware & Equipmen"
"MKSI US Equity","MKS Instruments Inc","US","Semiconductors & Semiconductor"
"UCTT US Equity","Ultra Clean Holdings Inc","US","Semiconductors & Semiconductor"
"MU US Equity","Micron Technology Inc","US","Semiconductors & Semiconductor"
"6981 JP Equity","Murata Manufacturing Co Ltd","JP","Technology Hardware & Equipmen"
"6762 JP Equity","TDK Corp","JP","Technology Hardware & Equipmen"
"QCOM US Equity","QUALCOMM Inc","US","Semiconductors & Semiconductor"
"SGH US Equity","SMART Global Holdings Inc","US","Semiconductors & Semiconductor"
"TXN US Equity","Texas Instruments Inc","US","Semiconductors & Semiconductor"
"6752 JP Equity","Panasonic Corp","JP","Consumer Durables & Apparel"
"IFX GR Equity","Infineon Technologies AG","DE","Semiconductors & Semiconductor"
"AVGO US Equity","Broadcom Inc","US","Semiconductors & Semiconductor"
"IPGP US Equity","IPG Photonics Corp","US","Technology Hardware & Equipmen"
"TTMI US Equity","TTM Technologies Inc","US","Technology Hardware & Equipmen"
"GHH LN Equity","Gooch & Housego PLC","GB","Technology Hardware & Equipmen"
"LITE US Equity","Lumentum Holdings Inc","US","Technology Hardware & Equipmen"
"AMAT US Equity","Applied Materials Inc","US","Semiconductors & Semiconductor"
"8035 JP Equity","Tokyo Electron Ltd","JP","Semiconductors & Semiconductor"
"ASML NA Equity","ASML Holding NV","NL","Semiconductors & Semiconductor"
"LRCX US Equity","Lam Research Corp","US","Semiconductors & Semiconductor"
"6239 TT Equity","Powertech Technology Inc","TW","Semiconductors & Semiconductor"
"7537 JP Equity","Marubun Corp","JP","Technology Hardware & Equipmen"
"247540 KS Equity","Ecopro BM Co Ltd","KR","Capital Goods"
"6971 JP Equity","Kyocera Corp","JP","Technology Hardware & Equipmen"
"SOLB BB Equity","Solvay SA","BE","Materials"
"PTSN IJ Equity","Sat Nusapersada Tbk PT","ID","Technology Hardware & Equipmen"
"2330 TT Equity","Taiwan Semiconductor Manufacturing Co Ltd","TW","Semiconductors & Semiconductor"
"5486 JP Equity","Hitachi Metals Ltd","JP","Materials"
"4208 JP Equity","Ube Industries Ltd","JP","Materials"
"3402 JP Equity","Toray Industries Inc","JP","Materials"
"4004 JP Equity","Showa Denko KK","JP","Materials"
"981 HK Equity","Semiconductor Manufacturing International Corp","CN","Semiconductors & Semiconductor"
"AMKR US Equity","Amkor Technology Inc","US","Semiconductors & Semiconductor"
"600584 CH Equity","Jiangsu Changjiang Electronics Technology Co Ltd","CN","Semiconductors & Semiconductor"
"2303 TT Equity","United Microelectronics Corp","TW","Semiconductors & Semiconductor"
"INTC US Equity","Intel Corp","US","Semiconductors & Semiconductor"
"000660 KS Equity","SK Hynix Inc","KR","Semiconductors & Semiconductor"
"005930 KS Equity","Samsung Electronics Co Ltd","KR","Technology Hardware & Equipmen"
"AMD US Equity","Advanced Micro Devices Inc","US","Semiconductors & Semiconductor"
"BAS GR Equity","BASF SE","DE","Materials"
"5713 JP Equity","Sumitomo Metal Mining Co Ltd","JP","Materials"
"TSEM IT Equity","Tower Semiconductor Ltd","IL","Semiconductors & Semiconductor"
"6594 JP Equity","Nidec Corp","JP","Capital Goods"
"8084 JP Equity","Ryoden Corp","JP","Technology Hardware & Equipmen"
"WAF GR Equity","Siltronic AG","DE","Semiconductors & Semiconductor"
"AI FP Equity","Air Liquide SA","FR","Materials"
"VECO US Equity","Veeco Instruments Inc","US","Semiconductors & Semiconductor"
"600183 CH Equity","Shengyi Technology Co Ltd","CN","Technology Hardware & Equipmen"
"HUN US Equity","Huntsman Corp","US","Materials"
"300227 CH Equity","Shenzhen Sunshine Laser & Electronics Technology Co Ltd","CN","Technology Hardware & Equipmen"
"PKE US Equity","Park Aerospace Corp","US","Capital Goods"
"FN US Equity","Fabrinet","TH","Technology Hardware & Equipmen"
"3105 TT Equity","Win Semiconductors Corp","TW","Semiconductors & Semiconductor"
"KEYS US Equity","Keysight Technologies Inc","US","Technology Hardware & Equipmen"
"IIVI US Equity","II-VI Inc","US","Technology Hardware & Equipmen"
"KLAC US Equity","KLA Corp","US","Semiconductors & Semiconductor"
"034730 KS Equity","SK Holdings Co Ltd","KR","Capital Goods"
"003340 KF Equity","SK Engineering & Construction Co Ltd","KR","#N/A N/A"
"2324 TT Equity","Compal Electronics Inc","TW","Technology Hardware & Equipmen"
"MRVL US Equity","Marvell Technology Group Ltd","US","Semiconductors & Semiconductor"
"028260 KS Equity","Samsung C&T Corp","KR","Capital Goods"
"009150 KS Equity","Samsung Electro-Mechanics Co Ltd","KR","Technology Hardware & Equipmen"
"AAPL US Equity","Apple Inc","US","Technology Hardware & Equipmen"
"006400 KS Equity","Samsung SDI Co Ltd","KR","Technology Hardware & Equipmen"
"MSFT US Equity","Microsoft Corp","US","Software & Services"
"2317 TT Equity","Hon Hai Precision Industry Co Ltd","TW","Technology Hardware & Equipmen"
"4938 TT Equity","Pegatron Corp","TW","Technology Hardware & Equipmen"
"2382 TT Equity","Quanta Computer Inc","TW","Technology Hardware & Equipmen"
"601138 CH Equity","Foxconn Industrial Internet Co Ltd","CN","Technology Hardware & Equipmen"
"VMW US Equity","VMware Inc","US","Software & Services"
"WDC US Equity","Western Digital Corp","US","Technology Hardware & Equipmen"
"JBL US Equity","Jabil Inc","US","Technology Hardware & Equipmen"
"SANM US Equity","Sanmina Corp","US","Technology Hardware & Equipmen"
"603118 CH Equity","Shenzhen Gongjin Electronics Co Ltd","CN","Technology Hardware & Equipmen"
"PLXS US Equity","Plexus Corp","US","Technology Hardware & Equipmen"
"CSCO US Equity","Cisco Systems Inc","US","Technology Hardware & Equipmen"
"DELL US Equity","Dell Technologies Inc","US","Technology Hardware & Equipmen"
"3706 TT Equity","Mitac Holdings Corp","TW","Technology Hardware & Equipmen"
"000977 CH Equity","Inspur Electronic Information Industry Co Ltd","CN","Technology Hardware & Equipmen"
"2356 TT Equity","Inventec Corp","TW","Technology Hardware & Equipmen"
"7751 JP Equity","Canon Inc","JP","Technology Hardware & Equipmen"
"VACN SW Equity","VAT Group AG","CH","Capital Goods"
"ENTG US Equity","Entegris Inc","US","Semiconductors & Semiconductor"
"BRKS US Equity","Brooks Automation Inc","US","Semiconductors & Semiconductor"
"6264 JP Equity","Marumae Co Ltd","JP","Capital Goods"
"1701392Z GR Equity","Carl Zeiss SMT AG","DE","#N/A N/A"
"BHE US Equity","Benchmark Electronics Inc","US","Technology Hardware & Equipmen"
"ARNC US Equity","Arconic Inc","US","Capital Goods"
"SNR LN Equity","Senior PLC","GB","Capital Goods"
"FDX US Equity","FedEx Corp","US","Transportation"
"DCO US Equity","Ducommun Inc","US","Capital Goods"
"FII FP Equity","LISI","FR","Capital Goods"
"CTSH US Equity","Cognizant Technology Solutions Corp","US","Software & Services"
"IDTI US Equity","Integrated Device Technology Inc","US","Semiconductors & Semiconductor"
"VLX LN Equity","Volex PLC","GB","Capital Goods"
"SABIC AB Equity","Saudi Basic Industries Corp","SA","Materials"
"1517793D KS Equity","SK Shipping Co Ltd","KR","#N/A N/A"
"JMAT LN Equity","Johnson Matthey PLC","GB","Materials"
"028100 KS Equity","Dong-Ah Geological Engineering Co Ltd","KR","Capital Goods"
"MROZKZ KS Equity","HappyNarae Co Ltd","KR","#N/A N/A"
"011390 KS Equity","Busan Industrial Co Ltd","KR","Materials"
"4063 JP Equity","Shin-Etsu Chemical Co Ltd","JP","Materials"
"4005 JP Equity","Sumitomo Chemical Co Ltd","JP","Materials"
"HEN3 GR Equity","Henkel AG & Co KGaA","DE","Household & Personal Products"
"992 HK Equity","Lenovo Group Ltd","CN","Technology Hardware & Equipmen"
"3336 HK Equity","Ju Teng International Holdings Ltd","HK","Technology Hardware & Equipmen"
"5469 TT Equity","Hannstar Board Corp","TW","Technology Hardware & Equipmen"
"FNSR US Equity","Finisar Corp","US","Technology Hardware & Equipmen"
"001230 KS Equity","Dongkuk Steel Mill Co Ltd","KR","Materials"
"4186 JP Equity","Tokyo Ohka Kogyo Co Ltd","JP","Materials"
"006380 KS Equity","Capro Corp","KR","Materials"
"5444 JP Equity","Yamato Kogyo Co Ltd","JP","Materials"
"076610 KS Equity","Haesung Optics Co Ltd","KR","Technology Hardware & Equipmen"
"028050 KS Equity","Samsung Engineering Co Ltd","KR","Capital Goods"
"082210 KS Equity","OPTRON-TEC Inc","KR","Technology Hardware & Equipmen"
"000880 KS Equity","Hanwha Corp","KR","Capital Goods"
"UMI BB Equity","Umicore SA","BE","Materials"
"DD US Equity","DuPont de Nemours Inc","US","Materials"
"018260 KS Equity","Samsung SDS Co Ltd","KR","Software & Services"
"VIOT US Equity","Viomi Technology Co Ltd","CN","Consumer Durables & Apparel"
"002456 CH Equity","OFILM Group Co Ltd","CN","Technology Hardware & Equipmen"
"2038 HK Equity","FIH Mobile Ltd","CN","Technology Hardware & Equipmen"
"6502 JP Equity","Toshiba Corp","JP","Capital Goods"
"2329 TT Equity","Orient Semiconductor Electronics Ltd","TW","Semiconductors & Semiconductor"
"1052963D TT Equity","Kingston Solutions Inc","TW","#N/A N/A"
"HPQ US Equity","HP Inc","US","Technology Hardware & Equipmen"
"6758 JP Equity","Sony Corp","JP","Consumer Durables & Apparel"
"066570 KS Equity","LG Electronics Inc","KR","Consumer Durables & Apparel"
"ERICB SS Equity","Telefonaktiebolaget LM Ericsson","SE","Technology Hardware & Equipmen"
"NOKIA FH Equity","Nokia Oyj","FI","Technology Hardware & Equipmen"
"CCI US Equity","Crown Castle International Corp","US","Real Estate"
"HPE US Equity","Hewlett Packard Enterprise Co","US","Technology Hardware & Equipmen"
"MTZ US Equity","MasTec Inc","US","Capital Goods"
"ON US Equity","ON Semiconductor Corp","US","Semiconductors & Semiconductor"
"ESI US Equity","Element Solutions Inc","US","Materials"
"VSH US Equity","Vishay Intertechnology Inc","US","Technology Hardware & Equipmen"
"CODA US Equity","Coda Octopus Group Inc","US","Technology Hardware & Equipmen"
"6645 JP Equity","Omron Corp","JP","Technology Hardware & Equipmen"
"4182 JP Equity","Mitsubishi Gas Chemical Co Inc","JP","Materials"
"8141 JP Equity","Shinko Shoji Co Ltd","JP","Technology Hardware & Equipmen"
"0884064D LX Equity","Coveris SA","LU","#N/A N/A"
"ACETQ US Equity","Aceto Corp","US","Health Care Equipment & Servic"
"6488 TT Equity","Globalwafers Co Ltd","TW","Semiconductors & Semiconductor"
"AMLEX MK Equity","Amlex Holdings Bhd","MY","Technology Hardware & Equipmen"
"COHU US Equity","Cohu Inc","US","Semiconductors & Semiconductor"
"002079 CH Equity","Suzhou Good-Ark Electronics Co Ltd","CN","Semiconductors & Semiconductor"
"8140 JP Equity","Ryosan Co Ltd","JP","Technology Hardware & Equipmen"
"ADI US Equity","Analog Devices Inc","US","Semiconductors & Semiconductor"
"8090 JP Equity","Shoko Co Ltd","JP","Capital Goods"
"4185 JP Equity","JSR Corp","JP","Materials"
"4188 JP Equity","Mitsubishi Chemical Holdings Corp","JP","Materials"
"AIXA GR Equity","AIXTRON SE","DE","Semiconductors & Semiconductor"
"014680 KS Equity","Hansol Chemical Co Ltd","KR","Materials"
"9101 JP Equity","Nippon Yusen KK","JP","Transportation"
"4202 JP Equity","Daicel Corp","JP","Materials"
"4168 TT Equity","GlycoNex Inc","TW","Pharmaceuticals, Biotechnology"
"5406 JP Equity","Kobe Steel Ltd","JP","Materials"
"6723 JP Equity","Renesas Electronics Corp","JP","Semiconductors & Semiconductor"
"8050 JP Equity","Seiko Holdings Corp","JP","Consumer Durables & Apparel"
"MXL US Equity","MaxLinear Inc","US","Semiconductors & Semiconductor"
"EA US Equity","Electronic Arts Inc","US","Media & Entertainment"
"ATVI US Equity","Activision Blizzard Inc","US","Media & Entertainment"
"5401 JP Equity","Nippon Steel Corp","JP","Materials"
"3132 JP Equity","Macnica Fuji Electronics Holdings Inc","JP","Technology Hardware & Equipmen"
"GLW US Equity","Corning Inc","US","Technology Hardware & Equipmen"
"2408 TT Equity","Nanya Technology Corp","TW","Semiconductors & Semiconductor"
"6862 JP Equity","Minato Holdings Inc","JP","Technology Hardware & Equipmen"
"AMBA US Equity","Ambarella Inc","US","Semiconductors & Semiconductor"
"KEM US Equity","KEMET Corp","US","Technology Hardware & Equipmen"
"6954 JP Equity","FANUC Corp","JP","Capital Goods"
"603328 CH Equity","Guangdong Ellington Electronics Technology Co Ltd","CN","Technology Hardware & Equipmen"
"2449 TT Equity","King Yuan Electronics Co Ltd","TW","Semiconductors & Semiconductor"
"SIE GR Equity","Siemens AG","DE","Capital Goods"
"NXPI US Equity","NXP Semiconductors NV","NL","Semiconductors & Semiconductor"
"6807 JP Equity","Japan Aviation Electronics Industry Ltd","JP","Technology Hardware & Equipmen"
"6905 JP Equity","Cosel Co Ltd","JP","Capital Goods"
"6701 JP Equity","NEC Corp","JP","Technology Hardware & Equipmen"
"6268 JP Equity","Nabtesco Corp","JP","Capital Goods"
"8455 TT Equity","Daito Me Holdings Co Ltd","TW","Technology Hardware & Equipmen"
"002288 CH Equity","Guangdong Chaohua Technology Co Ltd","CN","Technology Hardware & Equipmen"
"5498 TT Equity","Key Ware Electronics Co Ltd","TW","Capital Goods"
"SAF FP Equity","Safran SA","FR","Capital Goods"
"HO FP Equity","Thales SA","FR","Capital Goods"
"AIR FP Equity","Airbus SE","FR","Capital Goods"
"MTX GR Equity","MTU Aero Engines AG","DE","Capital Goods"
"7013 JP Equity","IHI Corp","JP","Capital Goods"
"GE US Equity","General Electric Co","US","Capital Goods"
"SLCA US Equity","US Silica Holdings Inc","US","Energy"
"ATI US Equity","Allegheny Technologies Inc","US","Materials"
"BOOM US Equity","DMC Global Inc","US","Energy"
"CYBE US Equity","CyberOptics Corp","US","Semiconductors & Semiconductor"
"7266 JP Equity","Imasen Electric Industrial","JP","Automobiles & Components"
"THRM US Equity","Gentherm Inc","US","Automobiles & Components"
"7259 JP Equity","Aisin Seiki Co Ltd","JP","Automobiles & Components"
"3156 JP Equity","Restar Holdings Corp","JP","Technology Hardware & Equipmen"
"5542 JP Equity","Shinhokoku Steel Corp","JP","Materials"
"2454 TT Equity","MediaTek Inc","TW","Semiconductors & Semiconductor"
"TTWO US Equity","Take-Two Interactive Software Inc","US","Media & Entertainment"
"SOI FP Equity","SOITEC","FR","Semiconductors & Semiconductor"
"6627 JP Equity","Tera Probe Inc","JP","Semiconductors & Semiconductor"
"3436 JP Equity","SUMCO Corp","JP","Semiconductors & Semiconductor"
"CY US Equity","Cypress Semiconductor Corp","US","Semiconductors & Semiconductor"
"6988 JP Equity","Nitto Denko Corp","JP","Materials"
"4716 JP Equity","Oracle Corp Japan","JP","Software & Services"
"TEL US Equity","TE Connectivity Ltd","CH","Technology Hardware & Equipmen"
"086520 KS Equity","Ecopro Co Ltd","KR","Materials"
"BEKB BB Equity","Bekaert SA","BE","Materials"
"HXL US Equity","Hexcel Corp","US","Capital Goods"
"CSX US Equity","CSX Corp","US","Transportation"
"KEMIRA FH Equity","Kemira Oyj","FI","Materials"
"2357 TT Equity","Asustek Computer Inc","TW","Technology Hardware & Equipmen"
"6081398Z SP Equity","TOA E&I International Pte Ltd","SG","#N/A N/A"
"004150 KS Equity","Hansol Holdings Co Ltd","KR","Materials"
"006260 KS Equity","LS Corp","KR","Capital Goods"
"011170 KS Equity","Lotte Chemical Corp","KR","Materials"
"010420 KS Equity","Hansol PNS Co Ltd","KR","Software & Services"
"4187 JP Equity","Osaka Organic Chemical Industry Ltd","JP","Materials"
"5020 JP Equity","JXTG Holdings Inc","JP","Energy"
"8015 JP Equity","Toyota Tsusho Corp","JP","Capital Goods"
"7011 JP Equity","Mitsubishi Heavy Industries Ltd","JP","Capital Goods"
"5411 JP Equity","JFE Holdings Inc","JP","Materials"
"KU2 GR Equity","KUKA AG","DE","Capital Goods"
"4061 JP Equity","Denka Co Ltd","JP","Materials"
"4114 JP Equity","Nippon Shokubai Co Ltd","JP","Materials"
"SRT GR Equity","Sartorius AG","DE","Health Care Equipment & Servic"
"RIO LN Equity","Rio Tinto PLC","GB","Materials"
"5352 JP Equity","Krosaki Harima Corp","JP","Materials"
"5563 JP Equity","Nippon Denko Co Ltd","JP","Materials"
"9104 JP Equity","Mitsui OSK Lines Ltd","JP","Transportation"
"PG US Equity","Procter & Gamble Co/The","US","Household & Personal Products"
"JBSS3 BZ Equity","JBS SA","BR","Food, Beverage & Tobacco"
"PEP US Equity","PepsiCo Inc","US","Food, Beverage & Tobacco"
"HBI US Equity","Hanesbrands Inc","US","Consumer Durables & Apparel"
"UNA NA Equity","Unilever NV","GB","Household & Personal Products"
"RBOS GR Equity","Robert Bosch GmbH","DE","#N/A N/A"
"KMCACZ CH Equity","Huawei Investment & Holding Co Ltd","CN","#N/A N/A"
"6503 JP Equity","Mitsubishi Electric Corp","JP","Capital Goods"
"6753 JP Equity","Sharp Corp/Japan","JP","Consumer Durables & Apparel"
"BABA US Equity","Alibaba Group Holding Ltd","CN","Retailing"
"2409 TT Equity","AU Optronics Corp","TW","Technology Hardware & Equipmen"
"9957 JP Equity","Vitec Holdings Co Ltd","JP","Technology Hardware & Equipmen"
"2737 JP Equity","Tomen Devices Corp","JP","Technology Hardware & Equipmen"
"8150 JP Equity","Sanshin Electronics Co Ltd","JP","Technology Hardware & Equipmen"
"3321 JP Equity","Mitachi Co Ltd","JP","Technology Hardware & Equipmen"
"7240 JP Equity","NOK Corp","JP","Automobiles & Components"
"025440 KS Equity","Daesung Eltec Co Ltd","KR","Consumer Durables & Apparel"
"SWKS US Equity","Skyworks Solutions Inc","US","Semiconductors & Semiconductor"
"7211 JP Equity","Mitsubishi Motors Corp","JP","Automobiles & Components"
"5901 JP Equity","Toyo Seikan Group Holdings Ltd","JP","Materials"
"ARD US Equity","Ardagh Group SA","LU","Materials"
"OI US Equity","Owens-Illinois Inc","US","Materials"
"7739 JP Equity","Canon Electronics Inc","JP","Technology Hardware & Equipmen"
"7420 JP Equity","Satori Electric Co Ltd","JP","Technology Hardware & Equipmen"
"ARCLK TI Equity","Arcelik AS","TR","Consumer Durables & Apparel"
"034220 KS Equity","LG Display Co Ltd","KR","Technology Hardware & Equipmen"
"001120 KS Equity","LG International Corp","KR","Capital Goods"
"003550 KS Equity","LG Corp","KR","Capital Goods"
"005490 KS Equity","POSCO","KR","Materials"
"GOOGL US Equity","Alphabet Inc","US","Media & Entertainment"
"GIVN SW Equity","Givaudan SA","CH","Materials"
"IFF US Equity","International Flavors & Fragrances Inc","US","Materials"
"DSM NA Equity","Koninklijke DSM NV","NL","Materials"
"SEE US Equity","Sealed Air Corp","US","Materials"
"PPC US Equity","Pilgrim's Pride Corp","US","Food, Beverage & Tobacco"
"BAUH3 BZ Equity","Excelsior Alimentos SA","BR","Food, Beverage & Tobacco"
"RLOG3 BZ Equity","Cosan Logistica SA","BR","Transportation"
"MKC US Equity","McCormick & Co Inc/MD","US","Food, Beverage & Tobacco"
"CCK US Equity","Crown Holdings Inc","US","Materials"
"BLL US Equity","Ball Corp","US","Materials"
"1723503D AU Equity","Amcor Ltd/Australia","AU","Materials"
"2313 HK Equity","Shenzhou International Group Holdings Ltd","CN","Consumer Durables & Apparel"
"1477 TT Equity","Makalot Industrial Co Ltd","TW","Consumer Durables & Apparel"
"LNZ AV Equity","Lenzing AG","AT","Materials"
"UFI US Equity","Unifi Inc","US","Consumer Durables & Apparel"
"IBM US Equity","International Business Machines Corp","US","Software & Services"
"MT NA Equity","ArcelorMittal","LU","Materials"
"STM IM Equity","STMicroelectronics NV","CH","Semiconductors & Semiconductor"
"6456 TT Equity","General Interface Solution Holding Ltd","TW","Technology Hardware & Equipmen"
"SYNA US Equity","Synaptics Inc","US","Semiconductors & Semiconductor"
"8202 JP Equity","Laox Co Ltd","JP","Retailing"
"COST US Equity","Costco Wholesale Corp","US","Food & Staples Retailing"
"CEC GR Equity","CECONOMY AG","DE","Retailing"
"HVN VN Equity","Vietnam Airlines JSC","VN","Transportation"
"9831 JP Equity","Yamada Denki Co Ltd","JP","Retailing"
"8175 JP Equity","Best Denki Co Ltd","JP","Retailing"
"6702 JP Equity","Fujitsu Ltd","JP","Software & Services"
"UPS US Equity","United Parcel Service Inc","US","Transportation"
"DPW GR Equity","Deutsche Post AG","DE","Transportation"
"6367 JP Equity","Daikin Industries Ltd","JP","Capital Goods"
"5802 JP Equity","Sumitomo Electric Industries Ltd","JP","Automobiles & Components"
"6724 JP Equity","Seiko Epson Corp","JP","Technology Hardware & Equipmen"
"8012 JP Equity","Nagase & Co Ltd","JP","Capital Goods"
"5301 JP Equity","Tokai Carbon Co Ltd","JP","Materials"
"4651Z LN Equity","Intel Semiconductor Ltd","HK","#N/A N/A"
"1527512D CH Equity","Shenzhen Sunhelm Investment Co Ltd","CN","#N/A N/A"
"STX US Equity","Seagate Technology PLC","US","Technology Hardware & Equipmen"
"UNP US Equity","Union Pacific Corp","US","Transportation"
"BA US Equity","Boeing Co/The","US","Capital Goods"
"IP US Equity","International Paper Co","US","Materials"
"DAI GR Equity","Daimler AG","DE","Automobiles & Components"
"ATSG US Equity","Air Transport Services Group Inc","US","Transportation"
"LHA GR Equity","Deutsche Lufthansa AG","DE","Transportation"
"EVK GR Equity","Evonik Industries AG","DE","Materials"
"1COV GR Equity","Covestro AG","DE","Materials"
"SKG ID Equity","Smurfit Kappa Group PLC","IE","Materials"
"5741 JP Equity","UACJ Corp","JP","Materials"
"6785 JP Equity","Suzuki Co Ltd","JP","Technology Hardware & Equipmen"
"002475 CH Equity","Luxshare Precision Industry Co Ltd","CN","Technology Hardware & Equipmen"
"UNFI US Equity","United Natural Foods Inc","US","Food & Staples Retailing"
"JNJ US Equity","Johnson & Johnson","US","Pharmaceuticals, Biotechnology"
"EL US Equity","Estee Lauder Cos Inc/The","US","Household & Personal Products"
"OR FP Equity","L'Oreal SA","FR","Household & Personal Products"
"T US Equity","AT&T Inc","US","Telecommunication Services"
"BG US Equity","Bunge Ltd","US","Food, Beverage & Tobacco"
"SLGN US Equity","Silgan Holdings Inc","US","Materials"
"CCL/B CN Equity","CCL Industries Inc","CA","Materials"
"000049 CH Equity","Shenzhen Desay Battery Technology Co","CN","Capital Goods"
"7928 JP Equity","Asahi Kagaku Kogyo Co Ltd","JP","Materials"
"5945 JP Equity","Tenryu Saw Manufacturing Co Ltd","JP","Capital Goods"
"3481 TT Equity","Innolux Corp","TW","Technology Hardware & Equipmen"
"HAIN US Equity","Hain Celestial Group Inc/The","US","Food, Beverage & Tobacco"
"BN FP Equity","Danone SA","FR","Food, Beverage & Tobacco"
"CAG US Equity","Conagra Brands Inc","US","Food, Beverage & Tobacco"
"APD US Equity","Air Products & Chemicals Inc","US","Materials"
"GMAB DC Equity","Genmab A/S","DK","Pharmaceuticals, Biotechnology"
"ALKS US Equity","Alkermes PLC","IE","Pharmaceuticals, Biotechnology"
"788 HK Equity","China Tower Corp Ltd","CN","Telecommunication Services"
"000063 CH Equity","ZTE Corp","CN","Technology Hardware & Equipmen"
"8060 JP Equity","Canon Marketing Japan Inc","JP","Technology Hardware & Equipmen"
"3744 JP Equity","SIOS Corp","JP","Software & Services"
"4776 JP Equity","Cybozu Inc","JP","Software & Services"
"3816 JP Equity","Daiwa Computer Co Ltd","JP","Software & Services"
"NTAP US Equity","NetApp Inc","US","Technology Hardware & Equipmen"
"SK FP Equity","SEB SA","FR","Consumer Durables & Apparel"
"6501 JP Equity","Hitachi Ltd","JP","Technology Hardware & Equipmen"
"VOD SJ Equity","Vodacom Group Ltd","ZA","Telecommunication Services"
"WCH GR Equity","Wacker Chemie AG","DE","Materials"
"6258 JP Equity","Hirata Corp","JP","Capital Goods"
"LEO GR Equity","Leoni AG","DE","Automobiles & Components"
"6161 JP Equity","Estic Corp","JP","Capital Goods"
"CON GR Equity","Continental AG","DE","Automobiles & Components"
"600577 CH Equity","Tongling Jingda Special Magnet Wire Co Ltd","CN","Capital Goods"
"EO FP Equity","Faurecia SE","FR","Automobiles & Components"
"ALV US Equity","Autoliv Inc","SE","Automobiles & Components"
"9902 JP Equity","Nichiden Corp","JP","Capital Goods"
"RDSA LN Equity","Royal Dutch Shell PLC","NL","Energy"
"BP/ LN Equity","BP PLC","GB","Energy"
"XOM US Equity","Exxon Mobil Corp","US","Energy"
"LYB US Equity","LyondellBasell Industries NV","US","Materials"
"010060 KS Equity","OCI Co Ltd","KR","Materials"
"002371 CH Equity","NAURA Technology Group Co Ltd","CN","Technology Hardware & Equipmen"
"YENCCZ KS Equity","Yeochun NCC Co Ltd","KR","#N/A N/A"
"0962406D KS Equity","Hanwha Q CELLS Korea Corp","KR","#N/A N/A"
"SIPCHEM AB Equity","Sahara International Petrochemical Co","SA","Materials"
"HANTPCZ KF Equity","Hanwha Total Petrochemical Co Ltd","KR","#N/A N/A"
"010470 KS Equity","Oricom Inc","KR","Media & Entertainment"
"122900 KS Equity","iMarketKorea Inc","KR","Capital Goods"
"6490 TT Equity","Sunlux Energy Corp","TW","Semiconductors & Semiconductor"
"BIIB US Equity","Biogen Inc","US","Pharmaceuticals, Biotechnology"
"4519 JP Equity","Chugai Pharmaceutical Co Ltd","JP","Pharmaceuticals, Biotechnology"
"HALO US Equity","Halozyme Therapeutics Inc","US","Pharmaceuticals, Biotechnology"
"051910 KS Equity","LG Chem Ltd","KR","Materials"
"6176 TT Equity","Radiant Opto-Electronics Corp","TW","Semiconductors & Semiconductor"
"6902 JP Equity","Denso Corp","JP","Automobiles & Components"
"3116 JP Equity","Toyota Boshoku Corp","JP","Automobiles & Components"
"7282 JP Equity","Toyoda Gosei Co Ltd","JP","Automobiles & Components"
"6995 JP Equity","Tokai Rika Co Ltd","JP","Automobiles & Components"
"3034 TT Equity","Novatek Microelectronics Corp","TW","Semiconductors & Semiconductor"
"HIMX US Equity","Himax Technologies Inc","TW","Semiconductors & Semiconductor"
"056190 KS Equity","SFA Engineering Corp","KR","Technology Hardware & Equipmen"
"MG CN Equity","Magna International Inc","CA","Automobiles & Components"
"LEA US Equity","Lear Corp","US","Automobiles & Components"
"AXL US Equity","American Axle & Manufacturing Holdings Inc","US","Automobiles & Components"
"1003Z GR Equity","ZF Friedrichshafen AG","DE","#N/A N/A"
"XPER US Equity","Xperi Corp","US","Semiconductors & Semiconductor"
"002916 CH Equity","Shennan Circuits Co Ltd","CN","Technology Hardware & Equipmen"
"BESI NA Equity","BE Semiconductor Industries NV","NL","Semiconductors & Semiconductor"
"PLAB US Equity","Photronics Inc","US","Semiconductors & Semiconductor"
"GTLS US Equity","Chart Industries Inc","US","Capital Goods"
"4369 JP Equity","Tri Chemical Laboratories Inc","JP","Semiconductors & Semiconductor"
"OEC US Equity","Orion Engineered Carbons SA","LU","Materials"
"ITT US Equity","ITT Inc","US","Capital Goods"
"6201 JP Equity","Toyota Industries Corp","JP","Automobiles & Components"
"7203 JP Equity","Toyota Motor Corp","JP","Automobiles & Components"
"HNDL IN Equity","Hindalco Industries Ltd","IN","Materials"
"120110 KS Equity","Kolon Industries Inc","KR","Materials"
"011070 KS Equity","LG Innotek Co Ltd","KR","Technology Hardware & Equipmen"
"032640 KS Equity","LG Uplus Corp","KR","Telecommunication Services"
"GSCALZ KS Equity","GS Caltex Corp","KR","#N/A N/A"
"8031 JP Equity","Mitsui & Co Ltd","JP","Capital Goods"
"CAP FP Equity","Capgemini SE","FR","Software & Services"
"ORCL US Equity","Oracle Corp","US","Software & Services"
"ALB US Equity","Albemarle Corp","US","Materials"
"ABBN SW Equity","ABB Ltd","CH","Capital Goods"
"003240 KS Equity","Taekwang Industrial Co Ltd","KR","Materials"
"ABSJDZ CH Equity","Hengli Group Co Ltd","CN","#N/A N/A"
"7868513Z KS Equity","Samnam Petrochemical Co Ltd","KR","#N/A N/A"
"1390476D KS Equity","Kolon BASF innoPOM Inc","KR","#N/A N/A"
"6770 JP Equity","Alps Alpine Co Ltd","JP","Technology Hardware & Equipmen"
"030200 KS Equity","KT Corp","KR","Telecommunication Services"
"078930 KS Equity","GS Holdings Corp","KR","Energy"
"006360 KS Equity","GS Engineering & Construction Corp","KR","Capital Goods"
"001250 KS Equity","GS Global Corp","KR","Capital Goods"
"037640 KF Equity","GS Entec Corp","KR","#N/A N/A"
"KBR US Equity","KBR Inc","US","Software & Services"
"2805 JP Equity","S&B Foods Inc","JP","Food, Beverage & Tobacco"
"KCHOL TI Equity","KOC Holding AS","TR","Capital Goods"
"ST US Equity","Sensata Technologies Holding PLC","US","Capital Goods"
"SPG SJ Equity","Super Group Ltd/South Africa","ZA","Retailing"
"047050 KS Equity","Posco International Corp","KR","Capital Goods"
"0119878D AU Equity","Roy Hill Holdings Pty Ltd","AU","#N/A N/A"
"003670 KS Equity","POSCO Chemical Co Ltd","KR","Materials"
"022100 KS Equity","Posco ICT Co Ltd","KR","Software & Services"
"8113 JP Equity","Unicharm Corp","JP","Household & Personal Products"
"COTY US Equity","Coty Inc","US","Household & Personal Products"
"000720 KS Equity","Hyundai Engineering & Construction Co Ltd","KR","Capital Goods"
"058850 KS Equity","KTCS Corp","KR","Commercial & Professional Serv"
"058860 KS Equity","Ktis Corp","KR","Commercial & Professional Serv"
"031310 KS Equity","Eyesvision Corp","KR","Technology Hardware & Equipmen"
"0602706D KS Equity","Shinheung Telecom Co Ltd","KR","#N/A N/A"
"017670 KS Equity","SK Telecom Co Ltd","KR","Telecommunication Services"
"6330 JP Equity","Toyo Engineering Corp","JP","Capital Goods"
"8155 JP Equity","Mimasu Semiconductor Industry Co Ltd","JP","Semiconductors & Semiconductor"
"4992 JP Equity","Hokko Chemical Industry Co Ltd","JP","Materials"
"5434 TT Equity","Topco Scientific Co Ltd","TW","Semiconductors & Semiconductor"
"CR US Equity","Crane Co","US","Capital Goods"
"MDR US Equity","McDermott International Inc","US","Energy"
"104460 KS Equity","Dong Yang P&F Co Ltd","KR","Capital Goods"
"2327 JP Equity","NS Solutions Corp","JP","Software & Services"
"METSO FH Equity","Metso Oyj","FI","Capital Goods"
"8036 JP Equity","Hitachi High-Technologies Corp","JP","Technology Hardware & Equipmen"
"5101 JP Equity","Yokohama Rubber Co Ltd/The","JP","Automobiles & Components"
"TDY US Equity","Teledyne Technologies Inc","US","Capital Goods"
"LMI LN Equity","Lonmin PLC","ZA","Materials"
"PCHEM MK Equity","Petronas Chemicals Group Bhd","MY","Materials"
"SLB US Equity","Schlumberger Ltd","US","Energy"
"GBB FP Equity","Bourbon Corp","FR","Energy"
"FLS US Equity","Flowserve Corp","US","Capital Goods"
"DSY FP Equity","Dassault Systemes SE","FR","Software & Services"
"LT IN Equity","Larsen & Toubro Ltd","IN","Capital Goods"
"252980 KF Equity","Daeyoung C&E Co Ltd","KR","#N/A N/A"
"4427977Z IM Equity","Magaldi Power SpA","IT","#N/A N/A"
"1303493D KS Equity","Seokjin E&T Co Ltd","KR","#N/A N/A"
"VIO BB Equity","Viohalco SA","BE","Materials"
"163560 KS Equity","DRB Industrial Co Ltd","KR","Automobiles & Components"
"3824 JP Equity","Media Five Co","JP","Software & Services"
"TIETO FH Equity","Tieto Oyj","FI","Software & Services"
"SKFB SS Equity","SKF AB","SE","Capital Goods"
"CSTM US Equity","Constellium SE","FR","Materials"
"ALFA SS Equity","Alfa Laval AB","SE","Capital Goods"
"VSVS LN Equity","Vesuvius PLC","GB","Capital Goods"
"006650 KS Equity","Korea Petrochemical Ind Co Ltd","KR","Materials"
"8014 JP Equity","Chori Co Ltd","JP","Capital Goods"
"3105 JP Equity","Nisshinbo Holdings Inc","JP","Capital Goods"
"6810 JP Equity","Maxell Holdings Ltd","JP","Technology Hardware & Equipmen"
"5201 JP Equity","AGC Inc/Japan","JP","Capital Goods"
"PETROR AB Equity","Rabigh Refining & Petrochemical Co","SA","Energy"
"4221 JP Equity","Okura Industrial Co Ltd","JP","Materials"
"NUF AU Equity","Nufarm Ltd/Australia","AU","Materials"
"EXCC IN Equity","Excel Crop Care Ltd","IN","Materials"
"4205 JP Equity","Zeon Corp","JP","Materials"
"9107 JP Equity","Kawasaki Kisen Kaisha Ltd","JP","Transportation"
"ETN US Equity","Eaton Corp PLC","US","Capital Goods"
"7250 JP Equity","Pacific Industrial Co Ltd","JP","Automobiles & Components"
"7983 JP Equity","Miroku Corp","JP","Consumer Durables & Apparel"
"CDNS US Equity","Cadence Design Systems Inc","US","Software & Services"
"7241 JP Equity","Futaba Industrial Co Ltd","JP","Automobiles & Components"
"HON US Equity","Honeywell International Inc","US","Capital Goods"
"4996 JP Equity","Kumiai Chemical Industry Co Ltd","JP","Materials"
"6310 JP Equity","Iseki & Co Ltd","JP","Capital Goods"
"6316 JP Equity","Maruyama Manufacturing Co Inc","JP","Capital Goods"
"4995 JP Equity","Sankei Chemicals Co Ltd","JP","Materials"
"4760 TT Equity","Ample Electronic Technology Co Ltd","TW","#N/A N/A"
"SPR US Equity","Spirit AeroSystems Holdings Inc","US","Capital Goods"
"UTX US Equity","United Technologies Corp","US","Capital Goods"
"RR/ LN Equity","Rolls-Royce Holdings PLC","GB","Capital Goods"
"CQP US Equity","Cheniere Energy Partners LP","US","Energy"
"LNG US Equity","Cheniere Energy Inc","US","Energy"
"APC US Equity","Anadarko Petroleum Corp","US","Energy"
"PE US Equity","Parsley Energy Inc","US","Energy"
"IMO CN Equity","Imperial Oil Ltd","CA","Energy"
"PAA US Equity","Plains All American Pipeline LP","US","Energy"
"FLR US Equity","Fluor Corp","US","Capital Goods"
"SBMO NA Equity","SBM Offshore NV","NL","Energy"
"APA US Equity","Apache Corp","US","Energy"
"PXD US Equity","Pioneer Natural Resources Co","US","Energy"
"NBL US Equity","Noble Energy Inc","US","Energy"
"SDLP US Equity","Seadrill Partners LLC","GB","Energy"
"7278 JP Equity","Exedy Corp","JP","Automobiles & Components"
"TKA GR Equity","thyssenkrupp AG","DE","Materials"
"LNR CN Equity","Linamar Corp","CA","Automobiles & Components"
"KE US Equity","Kimball Electronics Inc","US","Technology Hardware & Equipmen"
"BELI FP Equity","Le Belier","FR","Materials"
"8076 JP Equity","Canox Corp","JP","Capital Goods"
"5992 JP Equity","Chuo Spring Co Ltd","JP","Automobiles & Components"
"LEG US Equity","Leggett & Platt Inc","US","Consumer Durables & Apparel"
"MSS IN Equity","Motherson Sumi Systems Ltd","IN","Automobiles & Components"
"5868490Z JP Equity","Shinko Nameplate Co Ltd","JP","#N/A N/A"
"CHUSEZ JP Equity","Chusei Gomu Co Ltd","JP","#N/A N/A"
"7269 JP Equity","Suzuki Motor Corp","JP","Automobiles & Components"
"JBM IN Equity","Jay Bharat Maruti Ltd","IN","Automobiles & Components"
"BSET IN Equity","Bharat Seats Ltd","IN","Automobiles & Components"
"VOW GR Equity","Volkswagen AG","DE","Automobiles & Components"
"BMW GR Equity","Bayerische Motoren Werke AG","DE","Automobiles & Components"
"TTMT IN Equity","Tata Motors Ltd","IN","Automobiles & Components"
"F US Equity","Ford Motor Co","US","Automobiles & Components"
"FCAU US Equity","Fiat Chrysler Automobiles NV","GB","Automobiles & Components"
"GM US Equity","General Motors Co","US","Automobiles & Components"
"UG FP Equity","Peugeot SA","FR","Automobiles & Components"
"7201 JP Equity","Nissan Motor Co Ltd","JP","Automobiles & Components"
"000270 KS Equity","Kia Motors Corp","KR","Automobiles & Components"
"1121Z IJ Equity","Astra Honda Motor PT","ID","#N/A N/A"
"0342799D IJ Equity","Isuzu Astra Motor Indonesia PT","ID","#N/A N/A"
"785037Z IJ Equity","GS Battery Indonesia PT","ID","#N/A N/A"
"7267 JP Equity","Honda Motor Co Ltd","JP","Automobiles & Components"
"3532 TT Equity","Formosa Sumco Technology Corp","TW","Semiconductors & Semiconductor"
"5711 JP Equity","Mitsubishi Materials Corp","JP","Materials"
"4238 JP Equity","Miraial Co Ltd","JP","Semiconductors & Semiconductor"
"5726 JP Equity","OSAKA Titanium Technologies Co Ltd","JP","Materials"
"4043 JP Equity","Tokuyama Corp","JP","Materials"
"1301 TT Equity","Formosa Plastics Corp","TW","Materials"
"FCX US Equity","Freeport-McMoRan Inc","US","Materials"
"CMMC CN Equity","Copper Mountain Mining Corp","CA","Materials"
"3401 JP Equity","Teijin Ltd","JP","Materials"
"6505 TT Equity","Formosa Petrochemical Corp","TW","Energy"
"1303 TT Equity","Nan Ya Plastics Corp","TW","Materials"
"INDY IJ Equity","Indika Energy Tbk PT","ID","Energy"
"SNC CN Equity","SNC-Lavalin Group Inc","CA","Capital Goods"
"ZBRA US Equity","Zebra Technologies Corp","US","Technology Hardware & Equipmen"
"GLEN LN Equity","Glencore PLC","CH","Materials"
"600273 CH Equity","Zhejiang Jiahua Energy Chemical Industry Co Ltd","CN","Materials"
"MCHP US Equity","Microchip Technology Inc","US","Semiconductors & Semiconductor"
"554427Z FH Equity","Luvata Oy","FI","#N/A N/A"
"2229 JP Equity","Calbee Inc","JP","Food, Beverage & Tobacco"
"2602 JP Equity","Nisshin Oillio Group Ltd/The","JP","Food, Beverage & Tobacco"
"2211 JP Equity","Fujiya Co Ltd","JP","Food, Beverage & Tobacco"
"2107 JP Equity","Toyo Sugar Refining Co Ltd","JP","Food, Beverage & Tobacco"
"INCO IJ Equity","Vale Indonesia Tbk PT","ID","Materials"
"3168 JP Equity","Kurotani Corp","JP","Materials"
"NIKL PM Equity","Nickel Asia Corp","PH","Materials"
"SSW US Equity","Seaspan Corp","HK","Transportation"
"5019 JP Equity","Idemitsu Kosan Co Ltd","JP","Energy"
"8058 JP Equity","Mitsubishi Corp","JP","Capital Goods"
"8053 JP Equity","Sumitomo Corp","JP","Capital Goods"
"064760 KS Equity","Tokai Carbon Korea Co Ltd","KR","Semiconductors & Semiconductor"
"001550 KS Equity","Chobi Co Ltd","KR","Materials"
"0153496D US Equity","Dow AgroSciences LLC","US","#N/A N/A"
"0185920D KS Equity","Hanwha Living & Creative Corp","KR","#N/A N/A"
"057050 KS Equity","Hyundai Home Shopping Network Corp","KR","Retailing"
"009830 KS Equity","Hanwha Chemical Corp","KR","Materials"
"ABFFRZ KS Equity","SI Flex Co Ltd","KR","#N/A N/A"
"5483 TT Equity","Sino-American Silicon Products Inc","TW","Semiconductors & Semiconductor"
"8255 TT Equity","Actron Technology Corp","TW","Automobiles & Components"
"103130 KS Equity","Woongjin Energy Co Ltd","KR","Semiconductors & Semiconductor"
"3561 TT Equity","Solartech Energy Corp","TW","Semiconductors & Semiconductor"
"2342 TT Equity","Mosel Vitelic Inc","TW","Semiconductors & Semiconductor"
"267250 KS Equity","Hyundai Heavy Industries Holdings Co Ltd","KR","Capital Goods"
"OCICPZ KS Equity","OCI Corp","KR","#N/A N/A"
"016880 KS Equity","Woongjin Co Ltd","KR","Capital Goods"
"095720 KS Equity","Woongjin Thinkbig Co Ltd","KR","Media & Entertainment"
"4402 TT Equity","Fu Ta Material Technology Co Ltd","TW","Consumer Durables & Apparel"
"1010 HK Equity","PacRay International Holdings","HK","Semiconductors & Semiconductor"
"2371 TT Equity","Tatung Co Ltd","TW","Consumer Durables & Apparel"
"3562 TT Equity","Tynsolar Corp","TW","Semiconductors & Semiconductor"
"MMM US Equity","3M Co","US","Capital Goods"
"1165 HK Equity","Shunfeng International Clean Energy Ltd","CN","Semiconductors & Semiconductor"
"VALE3 BZ Equity","Vale SA","BR","Materials"
"BHP AU Equity","BHP Group Ltd","AU","Materials"
"SXC US Equity","SunCoke Energy Inc","US","Materials"
"CMI US Equity","Cummins Inc","US","Capital Goods"
"MTOR US Equity","Meritor Inc","US","Capital Goods"
"DAN US Equity","Dana Inc","US","Automobiles & Components"
"WHR US Equity","Whirlpool Corp","US","Consumer Durables & Apparel"
"SWK US Equity","Stanley Black & Decker Inc","US","Capital Goods"
"ELUXB SS Equity","Electrolux AB","SE","Consumer Durables & Apparel"
"FBHS US Equity","Fortune Brands Home & Security Inc","US","Capital Goods"
"669 HK Equity","Techtronic Industries Co Ltd","HK","Capital Goods"
"MAS US Equity","Masco Corp","US","Capital Goods"
"SMG US Equity","Scotts Miracle-Gro Co/The","US","Materials"
"129260 KS Equity","Intergis Co Ltd","KR","Transportation"
"4217 JP Equity","Hitachi Chemical Co Ltd","JP","Materials"
"004000 KS Equity","LOTTE Fine Chemical Co Ltd","KR","Materials"
"096770 KS Equity","SK Innovation Co Ltd","KR","Energy"
"004800 KS Equity","Hyosung Corp","KR","Capital Goods"
"SCC TB Equity","Siam Cement PCL/The","TH","Materials"
"300604 CH Equity","Hangzhou Chang Chuan Technology Co Ltd","CN","Semiconductors & Semiconductor"
"208710 KS Equity","Biolog Device Co Ltd","KR","Technology Hardware & Equipmen"
"298040 KS Equity","Hyosung Heavy Industries Corp","KR","Capital Goods"
"TUB SM Equity","Tubacex SA","ES","Materials"
"012750 KS Equity","S-1 Corp","KR","Commercial & Professional Serv"
"0662861D KS Equity","Woolim Co Ltd","KR","#N/A N/A"
"000050 CH Equity","Tianma Microelectronics Co Ltd","CN","Technology Hardware & Equipmen"
"200725 CH Equity","BOE Technology Group Co Ltd","CN","Technology Hardware & Equipmen"
"012450 KS Equity","Hanwha Aerospace Co Ltd","KR","Capital Goods"
"BUENAVC1 PE Equity","Cia de Minas Buenaventura SAA","PE","Materials"
"LXFR US Equity","Luxfer Holdings PLC","GB","Capital Goods"
"600206 CH Equity","Grinm Advanced Materials Co Ltd","CN","Semiconductors & Semiconductor"
"OLN US Equity","Olin Corp","US","Materials"
"ENLC US Equity","EnLink Midstream LLC","US","Energy"
"AKZA NA Equity","Akzo Nobel NV","NL","Materials"
"TSE US Equity","Trinseo SA","US","Materials"
"GBF GR Equity","Bilfinger SE","DE","Commercial & Professional Serv"
"SAP GR Equity","SAP SE","DE","Software & Services"
"052690 KS Equity","KEPCO Engineering & Construction Co Inc","KR","Capital Goods"
"9810 JP Equity","Nippon Steel Trading Corp","JP","Capital Goods"
"TINS IJ Equity","Timah Tbk PT","ID","Materials"
"067280 KS Equity","Multicampus Corp","KR","Consumer Services"
"030000 KS Equity","Cheil Worldwide Inc","KR","Media & Entertainment"
"XLNX US Equity","Xilinx Inc","US","Semiconductors & Semiconductor"
"ADNT US Equity","Adient PLC","US","Automobiles & Components"
"FR FP Equity","Valeo SA","FR","Automobiles & Components"
"DY US Equity","Dycom Industries Inc","US","Capital Goods"
"GNRC US Equity","Generac Holdings Inc","US","Capital Goods"
"3231 TT Equity","Wistron Corp","TW","Technology Hardware & Equipmen"
"SBAC US Equity","SBA Communications Corp","US","Real Estate"
"PLT US Equity","Plantronics Inc","US","Technology Hardware & Equipmen"
"AVYA US Equity","Avaya Holdings Corp","US","Software & Services"
"DTE GR Equity","Deutsche Telekom AG","DE","Telecommunication Services"
"NESN SW Equity","Nestle SA","CH","Food, Beverage & Tobacco"
"3659 JP Equity","Nexon Co Ltd","JP","Media & Entertainment"
"3344642Z AB Equity","Kingdom of Saudi Arabia","SA","#N/A N/A"
"KAYAN AB Equity","Saudi Kayan Petrochemical Co","SA","Materials"
"SAFCO AB Equity","Saudi Arabian Fertilizer Co","SA","Materials"
"MAADEN AB Equity","Saudi Arabian Mining Co","SA","Materials"
"SMIN LN Equity","Smiths Group PLC","GB","Capital Goods"
"043880 KF Equity","SK Telink Co Ltd","KR","#N/A N/A"
"018670 KS Equity","SK Gas Ltd","KR","Energy"
"006120 KS Equity","SK Discovery Co Ltd","KR","Materials"
"BT/A LN Equity","BT Group PLC","GB","Telecommunication Services"
"011790 KS Equity","SKC Co Ltd","KR","Materials"
"057500 KS Equity","SKC Solmics Co Ltd","KR","Semiconductors & Semiconductor"
"001740 KS Equity","SK Networks Co Ltd","KR","Capital Goods"
"004980 KS Equity","Sungshin Cement Co Ltd","KR","Materials"
"003410 KS Equity","Ssangyong Cement Industrial Co Ltd","KR","Materials"
"ABFGJZ KS Equity","Samil Industry Co Ltd","KR","#N/A N/A"
"MND SJ Equity","Mondi Ltd","GB","Materials"
"YONGYZ KS Equity","Dong Yang Cast Iron Co Ltd","KR","#N/A N/A"
"1294749D SP Equity","SABIC SK Nexlene Co Pte Ltd","SG","#N/A N/A"
"036490 KS Equity","SK Materials Co Ltd","KR","Materials"
"0861383D KS Equity","Boryeong LNG Terminal Co Ltd","KR","#N/A N/A"
"079980 KS Equity","Huvis Corp","KR","Consumer Durables & Apparel"
"EPD US Equity","Enterprise Products Partners LP","US","Energy"
"PTTGC TB Equity","PTT Global Chemical PCL","TH","Materials"
"603160 CH Equity","Shenzhen Goodix Technology Co Ltd","CN","Semiconductors & Semiconductor"
"552 HK Equity","China Communications Services Corp Ltd","CN","Capital Goods"
"CNTELZ CH Equity","China Telecommunications Corp","CN","#N/A N/A"
"1810 HK Equity","Xiaomi Corp","CN","Technology Hardware & Equipmen"
"ADS GR Equity","adidas AG","DE","Consumer Durables & Apparel"
"814 HK Equity","Beijing Jingkelong Co Ltd","CN","Food & Staples Retailing"
"000333 CH Equity","Midea Group Co Ltd","CN","Consumer Durables & Apparel"
"8160670Z IN Equity","TVS Capital Funds Ltd","IN","#N/A N/A"
"2731881Z IN Equity","TVS Investments Ltd","IN","#N/A N/A"
"SDC IN Equity","Sundaram-Clayton Ltd","IN","Automobiles & Components"
"ANET US Equity","Arista Networks Inc","US","Technology Hardware & Equipmen"
"SREV US Equity","ServiceSource International Inc","US","Software & Services"
"3702 TT Equity","WPG Holdings Ltd","TW","Technology Hardware & Equipmen"
"1184 HK Equity","SAS Dragon Holdings Ltd","HK","Technology Hardware & Equipmen"
"0181504D HK Equity","Smart-Core International Co Ltd","HK","#N/A N/A"
"3048 TT Equity","Edom Technology Co Ltd","TW","Technology Hardware & Equipmen"
"3312 TT Equity","GMI Technology Inc","TW","Technology Hardware & Equipmen"
"3711 TT Equity","ASE Technology Holding Co Ltd","TW","Semiconductors & Semiconductor"
"131290 KS Equity","TSE Co Ltd","KR","Semiconductors & Semiconductor"
"AAUWZZ CH Equity","Shenyang Xinlixing Casting Factory","CN","#N/A N/A"
"1536214D CH Equity","Shenzhen Gaoshiweiye Venture Capital Co Ltd","CN","#N/A N/A"
"ACSOMZ CH Equity","Shenzhen Gospell Digital Technology Co Ltd","CN","#N/A N/A"
"SERL SP Equity","Serial System Ltd","SG","Technology Hardware & Equipmen"
"BRK/A US Equity","Berkshire Hathaway Inc","US","Diversified Financials"
"TSN US Equity","Tyson Foods Inc","US","Food, Beverage & Tobacco"
"KHC US Equity","Kraft Heinz Co/The","US","Food, Beverage & Tobacco"
"3033525Z US Equity","GLOBALFOUNDRIES Inc","US","#N/A N/A"
"002008 CH Equity","Han's Laser Technology Industry Group Co Ltd","CN","Capital Goods"
"601199 CH Equity","Jiangsu Jiangnan Water Co Ltd","CN","Utilities"
"6963 JP Equity","Rohm Co Ltd","JP","Semiconductors & Semiconductor"
"MTSI US Equity","MACOM Technology Solutions Holdings Inc","US","Semiconductors & Semiconductor"
"5852 JP Equity","Ahresty Corp","JP","Automobiles & Components"
"KLIC US Equity","Kulicke & Soffa Industries Inc","SG","Semiconductors & Semiconductor"
"8299 TT Equity","Phison Electronics Corp","TW","Semiconductors & Semiconductor"
"ALSN SW Equity","ALSO Holding AG","CH","Technology Hardware & Equipmen"
"AVT US Equity","Avnet Inc","US","Technology Hardware & Equipmen"
"5471 JP Equity","Daido Steel Co Ltd","JP","Materials"
"5801 JP Equity","Furukawa Electric Co Ltd","JP","Capital Goods"
"5991 JP Equity","NHK Spring Co Ltd","JP","Automobiles & Components"
"5659 JP Equity","Nippon Seisen Co Ltd","JP","Capital Goods"
"5484 JP Equity","Tohoku Steel Co Ltd","JP","Materials"
"8150 TT Equity","ChipMOS Technologies Inc","TW","Semiconductors & Semiconductor"
"AOSHIZ CH Equity","Aoshikang Precision Circuit Huizhou Co Ltd","CN","#N/A N/A"
"CAICPZ CH Equity","Aviation Industry Corp of China Ltd","CN","#N/A N/A"
"200026 CH Equity","Fiyta Holdings Ltd","CN","Consumer Durables & Apparel"
"PTC US Equity","PTC Inc","US","Software & Services"
"BJEHCZ CH Equity","Beijing Electronics Holding Co Ltd","CN","#N/A N/A"
"600658 CH Equity","Beijing Electronic Zone Investment and Development Co Ltd","CN","Real Estate"
"ASTI SP Equity","ASTI Holdings Ltd","SG","Semiconductors & Semiconductor"
"6273 JP Equity","SMC Corp/Japan","JP","Capital Goods"
"ARW US Equity","Arrow Electronics Inc","US","Technology Hardware & Equipmen"
"X US Equity","United States Steel Corp","US","Materials"
"AKS US Equity","AK Steel Holding Corp","US","Materials"
"2385 TT Equity","Chicony Electronics Co Ltd","TW","Technology Hardware & Equipmen"
"RIG US Equity","Transocean Ltd","US","Energy"
"BATS LN Equity","British American Tobacco PLC","GB","Food, Beverage & Tobacco"
"MRC US Equity","MRC Global Inc","US","Capital Goods"
"HFG LN Equity","Hilton Food Group PLC","GB","Food, Beverage & Tobacco"
"MDLZ US Equity","Mondelez International Inc","US","Food, Beverage & Tobacco"
"PDFS US Equity","PDF Solutions Inc","US","Semiconductors & Semiconductor"
"ATO FP Equity","Atos SE","FR","Software & Services"
"0388200D CH Equity","Shanghai Simgui Technology Co Ltd","CN","#N/A N/A"
"114570 KS Equity","G-SMATT GLOBAL Co Ltd","KR","Semiconductors & Semiconductor"
"INTT US Equity","inTEST Corp","US","Semiconductors & Semiconductor"
"101490 KS Equity","S&S Tech Corp","KR","Semiconductors & Semiconductor"
"JNPR US Equity","Juniper Networks Inc","US","Technology Hardware & Equipmen"
"OUT1V FH Equity","Outokumpu Oyj","FI","Materials"
"ERA FP Equity","Eramet","FR","Materials"
"CTS US Equity","CTS Corp","US","Technology Hardware & Equipmen"
"WWD US Equity","Woodward Inc","US","Capital Goods"
"1064Z MK Equity","Silterra Malaysia Sdn Bhd","MY","#N/A N/A"
"000990 KS Equity","DB HiTek Co Ltd","KR","Semiconductors & Semiconductor"
"6147 TT Equity","Chipbond Technology Corp","TW","Semiconductors & Semiconductor"
"2441 TT Equity","Greatek Electronics Inc","TW","Semiconductors & Semiconductor"
"SU FP Equity","Schneider Electric SE","FR","Capital Goods"
"036460 KS Equity","Korea Gas Corp","KR","Utilities"
"1811 HK Equity","CGN New Energy Holdings Co Ltd","HK","Utilities"
"HAS US Equity","Hasbro Inc","US","Consumer Durables & Apparel"
"TWTR US Equity","Twitter Inc","US","Media & Entertainment"
"TDC US Equity","Teradata Corp","US","Software & Services"
"7974 JP Equity","Nintendo Co Ltd","JP","Media & Entertainment"
"4334 JP Equity","Yuke's Co Ltd","JP","Media & Entertainment"
"008060 KS Equity","Daeduck Electronics Co","KR","Technology Hardware & Equipmen"
"8086 TT Equity","Advanced Wireless Semiconductor Co","TW","Semiconductors & Semiconductor"
"NVDA US Equity","NVIDIA Corp","US","Semiconductors & Semiconductor"
"6669 TT Equity","Wiwynn Corp","TW","Technology Hardware & Equipmen"
"IAC US Equity","IAC/InterActiveCorp","US","Media & Entertainment"
"ZNGA US Equity","Zynga Inc","US","Media & Entertainment"
"MLNX US Equity","Mellanox Technologies Ltd","IL","Semiconductors & Semiconductor"
"2347 TT Equity","Synnex Technology International Corp","TW","Technology Hardware & Equipmen"
"MO US Equity","Altria Group Inc","US","Food, Beverage & Tobacco"
"LCII US Equity","LCI Industries","US","Automobiles & Components"
"ARRS US Equity","ARRIS International PLC","US","Technology Hardware & Equipmen"
"CBS US Equity","CBS Corp","US","Media & Entertainment"
"1347 HK Equity","Hua Hong Semiconductor Ltd","CN","Semiconductors & Semiconductor"
"CCMP US Equity","Cabot Microelectronics Corp","US","Semiconductors & Semiconductor"
"012030 KS Equity","DB Inc","KR","Software & Services"
"3673 TT Equity","TPK Holding Co Ltd","TW","Technology Hardware & Equipmen"
"6233 TT Equity","Prolific Technology Inc","TW","Semiconductors & Semiconductor"
"6479 JP Equity","MINEBEA MITSUMI Inc","JP","Capital Goods"
"3438 TT Equity","Advanced Analog Technology Inc","TW","Semiconductors & Semiconductor"
"KTGCOLZ KS Equity","KTG Co Ltd","KR","#N/A N/A"
"1785 TT Equity","Solar Applied Materials Technology Co","TW","Materials"
"6552 TT Equity","JMC Electronics Co Ltd","TW","Semiconductors & Semiconductor"
"6857 JP Equity","Advantest Corp","JP","Semiconductors & Semiconductor"
"2352 TT Equity","Qisda Corp","TW","Technology Hardware & Equipmen"
"8215 TT Equity","BenQ Materials Corp","TW","Technology Hardware & Equipmen"
"LSCC US Equity","Lattice Semiconductor Corp","US","Semiconductors & Semiconductor"
"2379 TT Equity","Realtek Semiconductor Corp","TW","Semiconductors & Semiconductor"
"5351 TT Equity","Etron Technology Inc","TW","Semiconductors & Semiconductor"
"000701 CH Equity","Xiamen Xindeco Ltd","CN","Capital Goods"
"0476366D CH Equity","Dalian Linton NC Machine Co Ltd","CN","#N/A N/A"
"300080 CH Equity","Henan Yicheng New Energy Co Ltd","CN","Materials"
"DQ US Equity","Daqo New Energy Corp","CN","Semiconductors & Semiconductor"
"600438 CH Equity","Tongwei Co Ltd","CN","Food, Beverage & Tobacco"
"3189 TT Equity","Kinsus Interconnect Technology Corp","TW","Semiconductors & Semiconductor"
"TER US Equity","Teradyne Inc","US","Semiconductors & Semiconductor"
"219130 KS Equity","TigerElec Co Ltd","KR","Technology Hardware & Equipmen"
"096870 KS Equity","LDT Inc","KR","Semiconductors & Semiconductor"
"CIE SM Equity","CIE Automotive SA","ES","Automobiles & Components"
"SHA GR Equity","Schaeffler AG","DE","Automobiles & Components"
"005380 KS Equity","Hyundai Motor Co","KR","Automobiles & Components"
"0978510D KS Equity","HL GreenPower Co Ltd","KR","#N/A N/A"
"018880 KS Equity","Hanon Systems","KR","Automobiles & Components"
"010690 KS Equity","Hwa Shin Co Ltd","KR","Automobiles & Components"
"ASM NA Equity","ASM International NV","NL","Semiconductors & Semiconductor"
"ISRG US Equity","Intuitive Surgical Inc","US","Health Care Equipment & Servic"
"0570829D US Equity","Kingston Technology Corp","US","#N/A N/A"
"3036 TT Equity","WT Microelectronics Co Ltd","TW","Technology Hardware & Equipmen"
"TSLA US Equity","Tesla Inc","US","Automobiles & Components"
"AMZN US Equity","Amazon.com Inc","US","Retailing"
"WMT US Equity","Walmart Inc","US","Food & Staples Retailing"
"TECD US Equity","Tech Data Corp","US","Technology Hardware & Equipmen"
"PRI IM Equity","Prima Industrie SpA","IT","Capital Goods"
"RTN US Equity","Raytheon Co","US","Capital Goods"
"NOC US Equity","Northrop Grumman Corp","US","Capital Goods"
"7731 JP Equity","Nikon Corp","JP","Consumer Durables & Apparel"
"LDO IM Equity","Leonardo SpA","IT","Capital Goods"
"LLL US Equity","L3 Technologies Inc","US","Capital Goods"
"CIEN US Equity","Ciena Corp","US","Technology Hardware & Equipmen"
"CDW US Equity","CDW Corp/DE","US","Technology Hardware & Equipmen"
"BBY US Equity","Best Buy Co Inc","US","Retailing"
"VZ US Equity","Verizon Communications Inc","US","Telecommunication Services"
"002024 CH Equity","Suning.com Co Ltd","CN","Retailing"
"941 HK Equity","China Mobile Ltd","HK","Telecommunication Services"
"TMUS US Equity","T-Mobile US Inc","US","Telecommunication Services"
"900938 CH Equity","HNA Technology Co Ltd","CN","Technology Hardware & Equipmen"
"S US Equity","Sprint Corp","US","Telecommunication Services"
"TEF SM Equity","Telefonica SA","ES","Telecommunication Services"
"SNX US Equity","SYNNEX Corp","US","Technology Hardware & Equipmen"
"JPM US Equity","JPMorgan Chase & Co","US","Banks"
"LMT US Equity","Lockheed Martin Corp","US","Capital Goods"
"MAERSKB DC Equity","AP Moller - Maersk A/S","DK","Transportation"
"1251472D KS Equity","Mitsui Chemicals & SKC Polyurethanes Inc","KR","#N/A N/A"
"0629193D KS Equity","Wirye Energy Service Co Ltd","KR","#N/A N/A"
"285130 KS Equity","SK Chemicals Co Ltd","KR","Materials"
"0911101D CH Equity","Xe-Pian Xe-Namnoy Power Co Ltd","LA","#N/A N/A"
"1381292D KS Equity","Smartrail Co Ltd","KR","#N/A N/A"
"2353 TT Equity","Acer Inc","TW","Technology Hardware & Equipmen"
"1628399D KS Equity","Gangneung Eco Power Co Ltd","KR","#N/A N/A"
"NIKL IJ Equity","Pelat Timah Nusantara Tbk PT","ID","Materials"
"032830 KS Equity","Samsung Life Insurance Co Ltd","KR","Insurance"
"762 HK Equity","China Unicom Hong Kong Ltd","HK","Telecommunication Services"
"728 HK Equity","China Telecom Corp Ltd","CN","Telecommunication Services"
"AMXL MM Equity","America Movil SAB de CV","MX","Telecommunication Services"
"2395 TT Equity","Advantech Co Ltd","TW","Technology Hardware & Equipmen"
"000810 CH Equity","Skyworth Digital Co Ltd","CN","Technology Hardware & Equipmen"
"603986 CH Equity","Gigadevice Semiconductor Beijing Inc","CN","Semiconductors & Semiconductor"
"002848 CH Equity","Gospell Digital Technology Co Ltd","CN","Technology Hardware & Equipmen"
"002851 CH Equity","Shenzhen Megmeet Electrical Co Ltd","CN","Capital Goods"
"JD US Equity","JD.com Inc","CN","Retailing"
"TVSEL IN Equity","TVS Electronics Ltd","IN","Technology Hardware & Equipmen"
"VOD LN Equity","Vodafone Group PLC","GB","Telecommunication Services"
"8271 TT Equity","Apacer Technology Inc","TW","Semiconductors & Semiconductor"
"1645544D TT Equity","Dawning Leading Technology Inc","TW","#N/A N/A"
"TLX PW Equity","Talex SA","PL","Software & Services"
"SCSC US Equity","ScanSource Inc","US","Technology Hardware & Equipmen"
"B4B GR Equity","METRO AG","DE","Food & Staples Retailing"
"MC FP Equity","LVMH Moet Hennessy Louis Vuitton SE","FR","Consumer Durables & Apparel"
"700 HK Equity","Tencent Holdings Ltd","CN","Media & Entertainment"
"COMM US Equity","CommScope Holding Co Inc","US","Technology Hardware & Equipmen"
"012330 KS Equity","Hyundai Mobis Co Ltd","KR","Automobiles & Components"
"ENI IM Equity","Eni SpA","IT","Energy"
"AAL LN Equity","Anglo American PLC","GB","Materials"
"MUTEPCZ JP Equity","Mitsubishi Engineering-Plastics Corp","JP","#N/A N/A"
"2503 JP Equity","Kirin Holdings Co Ltd","JP","Food, Beverage & Tobacco"
"7276 JP Equity","Koito Manufacturing Co Ltd","JP","Automobiles & Components"
"6430 JP Equity","Daikoku Denki Co Ltd","JP","Consumer Durables & Apparel"
"CMCSA US Equity","Comcast Corp","US","Media & Entertainment"
"CHTR US Equity","Charter Communications Inc","US","Media & Entertainment"
"AXE US Equity","Anixter International Inc","US","Technology Hardware & Equipmen"
"3185588Z US Equity","KGP Telecommunications Inc","US","#N/A N/A"
"8081 JP Equity","Kanaden Corp","JP","Capital Goods"
"BHGE US Equity","Baker Hughes a GE Co","US","Energy"
"7433 JP Equity","Hakuto Co Ltd","JP","Technology Hardware & Equipmen"
"6448 JP Equity","Brother Industries Ltd","JP","Technology Hardware & Equipmen"
"2301 TT Equity","Lite-On Technology Corp","TW","Technology Hardware & Equipmen"
"3352Z US Equity","United States of America","US","#N/A N/A"
"6440 JP Equity","Juki Corp","JP","Capital Goods"
"DOV US Equity","Dover Corp","US","Capital Goods"
"522 HK Equity","ASM Pacific Technology Ltd","HK","Semiconductors & Semiconductor"
"7270 JP Equity","Subaru Corp","JP","Automobiles & Components"
"7202 JP Equity","Isuzu Motors Ltd","JP","Automobiles & Components"
"TGT US Equity","Target Corp","US","Retailing"
"6952 JP Equity","Casio Computer Co Ltd","JP","Consumer Durables & Apparel"
"6839 JP Equity","Funai Electric Co Ltd","JP","Consumer Durables & Apparel"
"ZUJIKZ JP Equity","Fujikoshi Machinery Corp","JP","#N/A N/A"
"GME US Equity","GameStop Corp","US","Retailing"
"8159 JP Equity","Tachibana Eletech Co Ltd","JP","Technology Hardware & Equipmen"
"7467 JP Equity","Hagiwara Electric Holdings Co Ltd","JP","Technology Hardware & Equipmen"
"2760 JP Equity","Tokyo Electron Device Ltd","JP","Technology Hardware & Equipmen"
"ERAA IJ Equity","Erajaya Swasembada Tbk PT","ID","Technology Hardware & Equipmen"
"213500 KS Equity","Hansol Paper Co Ltd","KR","Materials"
"025750 KS Equity","Hansol HomeDeco Co Ltd","KR","Materials"
"095500 KS Equity","MNTech Co Ltd","KR","Materials"
"221610 KS Equity","Hansol CNP Co Ltd","KR","Materials"
"3861 JP Equity","Oji Holdings Corp","JP","Materials"
"2914 JP Equity","Japan Tobacco Inc","JP","Food, Beverage & Tobacco"
"4901 JP Equity","FUJIFILM Holdings Corp","JP","Technology Hardware & Equipmen"
"7779048Z TT Equity","National Yang-Ming University","TW","#N/A N/A"
"7815201Z TT Equity","National Tsing Hua University","TW","#N/A N/A"
"2841 TT Equity","Taiwan Land Development Corp","TW","Real Estate"
"002306 CH Equity","Cloud Live Technology Group Co Ltd","CN","Consumer Services"
"DLC VN Equity","Can Tho Tourist JSC","VN","#N/A N/A"
"3071 JP Equity","Stream Co Ltd","JP","Retailing"
"2730 JP Equity","EDION Corp","JP","Retailing"
"3048 JP Equity","Bic Camera Inc","JP","Retailing"
"1049913D JP Equity","Xtrillion Inc","JP","#N/A N/A"
"5731197Z JP Equity","Propia KK","JP","#N/A N/A"
"PCAR US Equity","PACCAR Inc","US","Capital Goods"
"000626 CH Equity","Grand Industrial Holding Group Co Ltd","CN","Capital Goods"
"AD NA Equity","Koninklijke Ahold Delhaize NV","NL","Food & Staples Retailing"
"2204 TT Equity","China Motor Corp","TW","Automobiles & Components"
"7451 JP Equity","Mitsubishi Shokuhin Co Ltd","JP","Food & Staples Retailing"
"MKS LN Equity","Marks & Spencer Group PLC","GB","Retailing"
"TSCO LN Equity","Tesco PLC","GB","Food & Staples Retailing"
"SYY US Equity","Sysco Corp","US","Food & Staples Retailing"
"139480 KS Equity","E-MART Inc","KR","Food & Staples Retailing"
"CA FP Equity","Carrefour SA","FR","Food & Staples Retailing"
"KR US Equity","Kroger Co/The","US","Food & Staples Retailing"
"ACI US Equity","Albertsons Cos Inc","US","Food & Staples Retailing"
"M US Equity","Macy's Inc","US","Retailing"
"KSS US Equity","Kohl's Corp","US","Retailing"
"1002Z GR Equity","REWE-Handelsgruppe Gmbh","DE","#N/A N/A"
"LOW US Equity","Lowe's Cos Inc","US","Retailing"
"HD US Equity","Home Depot Inc/The","US","Retailing"
"PUM GR Equity","Puma SE","DE","Consumer Durables & Apparel"
"1366222D CH Equity","Taikang Asset Management Co Ltd","CN","#N/A N/A"
"000572 CH Equity","Haima Automobile Co Ltd","CN","Automobiles & Components"
"0858968D CH Equity","Cancer Hospital & Cancer Institute Chinese Academy of Medical Sciences","CN","#N/A N/A"
"600061 CH Equity","SDIC Capital Co Ltd","CN","Diversified Financials"
"7752 JP Equity","Ricoh Co Ltd","JP","Technology Hardware & Equipmen"
"6586 JP Equity","Makita Corp","JP","Capital Goods"
"9432 JP Equity","Nippon Telegraph & Telephone Corp","JP","Telecommunication Services"
"FP FP Equity","TOTAL SA","FR","Energy"
"8206440Z LN Equity","United Kingdom of Great Britain & Northern Ireland Ministry of Defence","GB","#N/A N/A"
"BIDU US Equity","Baidu Inc","CN","Media & Entertainment"
"DE US Equity","Deere & Co","US","Capital Goods"
"CVS US Equity","CVS Health Corp","US","Health Care Equipment & Servic"
"8282 JP Equity","K's Holdings Corp","JP","Retailing"
"9437 JP Equity","NTT DOCOMO Inc","JP","Telecommunication Services"
"4768 JP Equity","Otsuka Corp","JP","Software & Services"
"2719 JP Equity","Kitamura Co Ltd","JP","Retailing"
"ULTA US Equity","Ulta Beauty Inc","US","Retailing"
"JCP US Equity","JC Penney Co Inc","US","Retailing"
"1082Z SM Equity","El Corte Ingles SA","ES","#N/A N/A"
"211642Z FP Equity","Auchan Holding SADIR","FR","#N/A N/A"
"WBA US Equity","Walgreens Boots Alliance Inc","US","Food & Staples Retailing"
"NSIT US Equity","Insight Enterprises Inc","US","Technology Hardware & Equipmen"
"CCC LN Equity","Computacenter PLC","GB","Software & Services"
"KGF LN Equity","Kingfisher PLC","GB","Retailing"
"WAIR US Equity","Wesco Aircraft Holdings Inc","US","Capital Goods"
"1722 JP Equity","Misawa Homes Co Ltd","JP","Consumer Durables & Apparel"
"PUSH US Equity","Publix Super Markets Inc","US","Food & Staples Retailing"
"CAH US Equity","Cardinal Health Inc","US","Health Care Equipment & Servic"
"HNAGRZ CH Equity","HNA Group Co Ltd","CN","#N/A N/A"
"1287361D CH Equity","Hainan Yijian Technology Holding Co Ltd","CN","#N/A N/A"
"600221 CH Equity","Hainan Airlines Holding Co Ltd","CN","Transportation"
"000564 CH Equity","CCOOP Group Co Ltd","CN","Retailing"
"DTC SJ Equity","DataTec Ltd","ZA","Technology Hardware & Equipmen"
"TRUE TB Equity","True Corp PCL","TH","Telecommunication Services"
"002230 CH Equity","Iflytek Co Ltd","CN","Software & Services"
"000066 CH Equity","China Greatwall Technology Group Co Ltd","CN","Technology Hardware & Equipmen"
"DC/ LN Equity","Dixons Carphone PLC","GB","Retailing"
"IBE SM Equity","Iberdrola SA","ES","Utilities"
"BNR GR Equity","Brenntag AG","DE","Capital Goods"
"JASO US Equity","JA Solar Holdings Co Ltd","CN","Semiconductors & Semiconductor"
"HQCL US Equity","Hanwha Q CELLS Co Ltd","KR","Semiconductors & Semiconductor"
"ROG SW Equity","Roche Holding AG","CH","Pharmaceuticals, Biotechnology"
"7789944Z JP Equity","Asahi Sho-Ko-Sha Co Ltd","JP","#N/A N/A"
"RB/ LN Equity","Reckitt Benckiser Group PLC","GB","Household & Personal Products"
"TKCHMZ KS Equity","Taekyung Chemical Corp","KR","#N/A N/A"
"300040 CH Equity","Harbin Jiuzhou Electric Co Ltd","CN","Capital Goods"
"601607 CH Equity","Shanghai Pharmaceuticals Holding Co Ltd","CN","Health Care Equipment & Servic"
"CHMA US Equity","Chiasma Inc","US","Pharmaceuticals, Biotechnology"
"MGEN US Equity","Miragen Therapeutics Inc","US","Pharmaceuticals, Biotechnology"
"001630 KS Equity","Chongkundang Holdings Corp","KR","Pharmaceuticals, Biotechnology"
"1788 TT Equity","Hi-Clearance Inc","TW","Health Care Equipment & Servic"
"ASII IJ Equity","Astra International Tbk PT","ID","Automobiles & Components"
"AN US Equity","AutoNation Inc","US","Retailing"
"HTZ US Equity","Hertz Global Holdings Inc","US","Transportation"
"GPI US Equity","Group 1 Automotive Inc","US","Retailing"
"CAR US Equity","Avis Budget Group Inc","US","Transportation"
"LAD US Equity","Lithia Motors Inc","US","Retailing"
"857 HK Equity","PetroChina Co Ltd","CN","Energy"
"RNO FP Equity","Renault SA","FR","Automobiles & Components"
"051900 KS Equity","LG Household & Health Care Ltd","KR","Household & Personal Products"
"ABI BB Equity","Anheuser-Busch InBev SA/NV","BE","Food, Beverage & Tobacco"
"NKE US Equity","NIKE Inc","US","Consumer Durables & Apparel"
"065530 KS Equity","KRTnet Corp","KR","Telecommunication Services"
"002380 KS Equity","KCC Corp","KR","Capital Goods"
"003490 KS Equity","Korean Air Lines Co Ltd","KR","Transportation"
"7537004Z TI Equity","Koctas Yapi Marketleri Ticaret AS","TR","#N/A N/A"
"YKBNK TI Equity","Yapi ve Kredi Bankasi AS","TR","Banks"
"009540 KS Equity","Korea Shipbuilding & Offshore Engineering Co Ltd","KR","Capital Goods"
"306200 KS Equity","SeAH Steel Corp","KR","Materials"
"002094 CH Equity","Qingdao Kingking Applied Chemistry Co Ltd","CN","Household & Personal Products"
"178 HK Equity","Sa Sa International Holdings Ltd","HK","Retailing"
"108670 KS Equity","LG Hausys Ltd","KR","Capital Goods"
"053210 KS Equity","KT Skylife Co Ltd","KR","Media & Entertainment"
"1712194D MK Equity","Pengerang Refining Co Sdn Bhd","MY","#N/A N/A"
"PET MK Equity","Petroliam Nasional Bhd","MY","#N/A N/A"
"0186370D JP Equity","National Federation of Agricultural Cooperative Associations","JP","#N/A N/A"
"3357 TT Equity","TAI-TECH Advanced Electronics Co Ltd","TW","Technology Hardware & Equipmen"
"600104 CH Equity","SAIC Motor Corp Ltd","CN","Automobiles & Components"
"131861Z AB Equity","Saudi Arabian Oil Co","SA","#N/A N/A"
"SRE US Equity","Sempra Energy","US","Utilities"
"0820508D US Equity","Golden Pass Products LLC","US","#N/A N/A"
"015760 KS Equity","Korea Electric Power Corp","KR","Utilities"
"0341557D KS Equity","Etec E&C Ltd","KR","#N/A N/A"
"016250 KS Equity","e Tec E&C Ltd","KR","Capital Goods"
"8306 JP Equity","Mitsubishi UFJ Financial Group Inc","JP","Banks"
"9433 JP Equity","KDDI Corp","JP","Telecommunication Services"
"4689 JP Equity","Yahoo Japan Corp","JP","Media & Entertainment"
"4755 JP Equity","Rakuten Inc","JP","Retailing"
"JSTL IN Equity","JSW Steel Ltd","IN","Materials"
"SO US Equity","Southern Co/The","US","Utilities"
"9983 JP Equity","Fast Retailing Co Ltd","JP","Retailing"
"7205 JP Equity","Hino Motors Ltd","JP","Capital Goods"
"010950 KS Equity","S-Oil Corp","KR","Energy"
"5110 JP Equity","Sumitomo Rubber Industries Ltd","JP","Automobiles & Components"
"1403191D KS Equity","SK Tri Chem Co Ltd","KR","#N/A N/A"
"GWW US Equity","WW Grainger Inc","US","Capital Goods"
"BA/ LN Equity","BAE Systems PLC","GB","Capital Goods"
"MSIL IN Equity","Maruti Suzuki India Ltd","IN","Automobiles & Components"
"INCH LN Equity","Inchcape PLC","GB","Retailing"
"PAG US Equity","Penske Automotive Group Inc","US","Retailing"
"GMB MK Equity","Gas Malaysia Bhd","MY","Utilities"
"MLK MK Equity","Malakoff Corp Bhd","MY","Utilities"
"PTG MK Equity","Petronas Gas Bhd","MY","Utilities"
"6146 TT Equity","Sporton International Inc","TW","Commercial & Professional Serv"
"293 HK Equity","Cathay Pacific Airways Ltd","HK","Transportation"
"9202 JP Equity","ANA Holdings Inc","JP","Transportation"
"UAL US Equity","United Airlines Holdings Inc","US","Transportation"
"AL US Equity","Air Lease Corp","US","Capital Goods"
"DAL US Equity","Delta Air Lines Inc","US","Transportation"
"SIA SP Equity","Singapore Airlines Ltd","SG","Transportation"
"670 HK Equity","China Eastern Airlines Corp Ltd","CN","Transportation"
"105701Z QD Equity","Qatar Airways QCSC","QA","#N/A N/A"
"TPIA IJ Equity","Chandra Asri Petrochemical Tbk PT","ID","Materials"
"BRPT IJ Equity","Barito Pacific Tbk PT","ID","Materials"
"LXS GR Equity","LANXESS AG","DE","Materials"
"TX US Equity","Ternium SA","LU","Materials"
"1401646D SS Equity","Volvo Car AB","SE","#N/A N/A"
"AF FP Equity","Air France-KLM","FR","Transportation"
"SAS SS Equity","SAS AB","SE","Transportation"
"KLK MK Equity","Kuala Lumpur Kepong Bhd","MY","Food, Beverage & Tobacco"
"HERO IJ Equity","Hero Supermarket Tbk PT","ID","Food & Staples Retailing"
"KBLI IJ Equity","KMI Wire & Cable Tbk PT","ID","Capital Goods"
"6124 TT Equity","Yeh-Chiang Technology Corp","TW","Capital Goods"
"8002 JP Equity","Marubeni Corp","JP","Capital Goods"
"0007488D US Equity","Formosa Plastics Corp USA","US","#N/A N/A"
"PSX US Equity","Phillips 66","US","Energy"
"7826 JP Equity","Furuya Metal Co Ltd","JP","Semiconductors & Semiconductor"
"CAT US Equity","Caterpillar Inc","US","Capital Goods"
"007590 KS Equity","Dongbang Agro Co","KR","Materials"
"002100 KS Equity","Kyung Nong Corp","KR","Materials"
"131400 KS Equity","Advanced Circuit Technology Co Ltd","KR","Technology Hardware & Equipmen"
"HTL VN Equity","Truong Long Engineering and Auto JSC","VN","Retailing"
"PLN IJ Equity","Perusahaan Listrik Negara PT","ID","#N/A N/A"
"GJTL IJ Equity","Gajah Tunggal Tbk PT","ID","Automobiles & Components"
"2308 TT Equity","Delta Electronics Inc","TW","Technology Hardware & Equipmen"
"7537772Z US Equity","Aavid Thermalloy LLC","US","#N/A N/A"
"2292 JP Equity","S Foods Inc","JP","Food, Beverage & Tobacco"
"005610 KS Equity","SPC Samlip Co Ltd","KR","Food, Beverage & Tobacco"
"ADMG IJ Equity","Polychem Indonesia Tbk PT","ID","Materials"
"5108 JP Equity","Bridgestone Corp","JP","Automobiles & Components"
"1322Z KS Equity","National Agricultural Cooperative Federation","KR","#N/A N/A"
"0619809D KS Equity","Suh Young Corp","KR","#N/A N/A"
"TS4 VN Equity","Seafood JSC No 4","VN","Food, Beverage & Tobacco"
"3576 TT Equity","United Renewable Energy Co Ltd/Taiwan","TW","Semiconductors & Semiconductor"
"4944 TT Equity","Crystalwise Technology Inc","TW","Semiconductors & Semiconductor"
"6511 TT Equity","Ablytek Co Ltd","TW","Semiconductors & Semiconductor"
"0792164D TT Equity","AUO Crystal Corp","TW","#N/A N/A"
"3519 TT Equity","Green Energy Technology Inc","TW","Semiconductors & Semiconductor"
"UTCSLZ TT Equity","Utech Solar Corp","TW","#N/A N/A"
"0655765D TT Equity","Gredmann Taiwan Ltd","TW","#N/A N/A"
"002309 CH Equity","Jiangsu Zhongli Group Co Ltd","CN","Capital Goods"
"SUNSZ TT Equity","Sunshine PV Corp","TW","#N/A N/A"
"TEKS MK Equity","Tek Seng Holdings Bhd","MY","Materials"
"8261 TT Equity","Advanced Power Electronics Corp","TW","Semiconductors & Semiconductor"
"7912649Z JP Equity","Yamabun Co Ltd","JP","#N/A N/A"
"1369818D US Equity","AM/NS Calvert LLC","US","#N/A N/A"
"0249635D SM Equity","Gonvarri Steel Services","ES","#N/A N/A"
"ABG US Equity","Asbury Automotive Group Inc","US","Retailing"
"032750 KS Equity","Samjin Co Ltd","KR","Consumer Durables & Apparel"
"300354 CH Equity","Donghua Testing Technology Co Ltd","CN","Technology Hardware & Equipmen"
"000210 KS Equity","Daelim Industrial Co Ltd","KR","Capital Goods"
"025100 KF Equity","POSCO Engineering & Construction Co Ltd","KR","#N/A N/A"
"298020 KS Equity","Hyosung TNC Co Ltd","KR","Consumer Durables & Apparel"
"8001 JP Equity","ITOCHU Corp","JP","Capital Goods"
"144620 KS Equity","Kolon Material Co Ltd","KR","Consumer Durables & Apparel"
"2317343Z UH Equity","Abu Dhabi Oil Refining Co","AE","#N/A N/A"
"1542063D MK Equity","PRPC Polymers Sdn Bhd","MY","#N/A N/A"
"0795346D KS Equity","Cheonan Environment Energy Co Ltd","KR","#N/A N/A"
"101390 KS Equity","IM Co Ltd","KR","Technology Hardware & Equipmen"
"091700 KS Equity","Partron Co Ltd","KR","Technology Hardware & Equipmen"
"047310 KS Equity","Power Logics Co Ltd","KR","Semiconductors & Semiconductor"
"NIKI1 IE Equity","National Investment Co of Iran","IR","#N/A N/A"
"AKE FP Equity","Arkema SA","FR","Materials"
"000810 KS Equity","Samsung Fire & Marine Insurance Co Ltd","KR","Insurance"
"344430Z IJ Equity","United Can Co Ltd PT","ID","#N/A N/A"
"6083190Z IJ Equity","Indonesia Multi Colour Printing Pt","ID","#N/A N/A"
"008770 KS Equity","Hotel Shilla Co Ltd","KR","Retailing"
"6445 TT Equity","MD Biomedical Inc","TW","Health Care Equipment & Servic"
"211270 KS Equity","Asia Pacific Satellite Inc","KR","Technology Hardware & Equipmen"
"002232 CH Equity","Qiming Information Technology Co Ltd","CN","Software & Services"
"1728 HK Equity","China ZhengTong Auto Services Holdings Ltd","CN","Retailing"
"SAH US Equity","Sonic Automotive Inc","US","Retailing"
"CVX US Equity","Chevron Corp","US","Energy"
"EQT US Equity","EQT Corp","US","Energy"
"ET US Equity","Energy Transfer LP","US","Energy"
"KMI US Equity","Kinder Morgan Inc/DE","US","Energy"
"CTL US Equity","CenturyLink Inc","US","Telecommunication Services"
"603825 CH Equity","Hylink Digital Solution Co Ltd","CN","Media & Entertainment"
"002400 CH Equity","Guangdong Advertising Group Co Ltd","CN","Media & Entertainment"
"CMCM US Equity","Cheetah Mobile Inc","CN","Software & Services"
"047040 KS Equity","Daewoo Engineering & Construction Co Ltd","KR","Capital Goods"
"EMR US Equity","Emerson Electric Co","US","Capital Goods"
"014820 KS Equity","Dongwon Systems Corp","KR","Materials"
"DAEJEZ TT Equity","Daejeo Construction Co Ltd","KR","#N/A N/A"
"0993498D KS Equity","Kangnung Construction Co Ltd","KR","#N/A N/A"
"1319243D KS Equity","Korea Nexlene Co","KR","#N/A N/A"
"071320 KS Equity","Korea District Heating Corp","KR","Utilities"
"1068892D KS Equity","SK Advanced Co Ltd","KR","#N/A N/A"
"009410 KS Equity","Taeyoung Engineering & Construction Co Ltd","KR","Capital Goods"
"BAYN GR Equity","Bayer AG","DE","Pharmaceuticals, Biotechnology"
"UNVR US Equity","Univar Inc","US","Capital Goods"
"BRQS US Equity","Borqs Technologies Inc","CN","Technology Hardware & Equipmen"
"000971 CH Equity","Gosun Holding Co Ltd","CN","Software & Services"
"002238 CH Equity","Shenzhen Topway Video Communication Co Ltd","CN","Media & Entertainment"
"300310 CH Equity","Eastone Century Technology Co Ltd","CN","Software & Services"
"82 HK Equity","V1 Group Ltd","CN","Media & Entertainment"
"8 HK Equity","PCCW Ltd","HK","Telecommunication Services"
"KPN NA Equity","Koninklijke KPN NV","NL","Telecommunication Services"
"RIPLEY CI Equity","Ripley Corp SA","CL","Retailing"
"BITA US Equity","Bitauto Holdings Ltd","CN","Media & Entertainment"
"TOUR US Equity","Tuniu Corp","CN","Consumer Services"
"1396778D CH Equity","Dada Nexus Ltd","CN","#N/A N/A"
"601933 CH Equity","Yonghui Superstores Co Ltd","CN","Food & Staples Retailing"
"0745753D CH Equity","Suning Real Estate Group Co Ltd","CN","#N/A N/A"
"1412735D CH Equity","Suning Holdings Group Co Ltd","CN","#N/A N/A"
"1368748D CH Equity","Suning Appliance Group Co Ltd","CN","#N/A N/A"
"TVSL IN Equity","TVS Motor Co Ltd","IN","Automobiles & Components"
"SF IN Equity","Sundram Fasteners Ltd","IN","Automobiles & Components"
"WHL IN Equity","Wheels India Ltd","IN","Automobiles & Components"
"1449830D IN Equity","International Money Matters Pvt Ltd","IN","#N/A N/A"
"6840 JP Equity","AKIBA Holding Co Ltd","JP","Technology Hardware & Equipmen"
"8154 JP Equity","Kaga Electronics Co Ltd","JP","Technology Hardware & Equipmen"
"1381054D MP Equity","MultiChoice Africa Ltd","MU","#N/A N/A"
"ACWGFZ CH Equity","Guangdong Cablecasting Network Co Ltd","CN","#N/A N/A"
"1494513D CH Equity","Chenzhou Gaoshi Weiye Real Estate Development Co Ltd","CN","#N/A N/A"
"603385 CH Equity","Huida Sanitary Ware Co Ltd","CN","Capital Goods"
"IR US Equity","Ingersoll-Rand PLC","US","Capital Goods"
"MXIM US Equity","Maxim Integrated Products Inc","US","Semiconductors & Semiconductor"
"7779104Z JP Equity","Ube-Mitsubishi Cement Corp","JP","#N/A N/A"
"CNXN US Equity","PC Connection Inc","US","Technology Hardware & Equipmen"
"CCET TB Equity","Cal-Comp Electronics Thailand PCL","TH","Technology Hardware & Equipmen"
"600703 CH Equity","Sanan Optoelectronics Co Ltd","CN","Semiconductors & Semiconductor"
"601012 CH Equity","LONGi Green Energy Technology Co Ltd","CN","Semiconductors & Semiconductor"
"002185 CH Equity","Tianshui Huatian Technology Co Ltd","CN","Semiconductors & Semiconductor"
"002156 CH Equity","TongFu Microelectronics Co Ltd","CN","Semiconductors & Semiconductor"
"600460 CH Equity","Hangzhou Silan Microelectronics Co Ltd","CN","Semiconductors & Semiconductor"
"3601 TT Equity","Coretek Opto Corp","TW","Technology Hardware & Equipmen"
"300593 CH Equity","Suplet Power Co Ltd","CN","Capital Goods"
"6403 TT Equity","AcSIP Technology Corp","TW","Technology Hardware & Equipmen"
"LLUB SL Equity","Chevron Lubricants Lanka PLC","LK","Materials"
"CMPP IJ Equity","AirAsia Indonesia Tbk PT","ID","Transportation"
"0622372D CH Equity","Beijing Benz Automotive Co Ltd","CN","#N/A N/A"
"ARMK US Equity","Aramark","US","Consumer Services"
"5272 TT Equity","AMICCOM Electronics Corp","TW","Semiconductors & Semiconductor"
"DBHN GR Equity","Deutsche Bahn AG","DE","#N/A N/A"
"EDF FP Equity","Electricite de France SA","FR","Utilities"
"SIEM IN Equity","Siemens Ltd","IN","Capital Goods"
"0959738D LN Equity","United Kingdom Department for Work and Pensions","GB","#N/A N/A"
"3219738Z LN Equity","National Savings & Investments","GB","#N/A N/A"
"STAN LN Equity","Standard Chartered PLC","GB","Banks"
"NAV US Equity","Navistar International Corp","US","Capital Goods"
"VOLVB SS Equity","Volvo AB","SE","Capital Goods"
"6113 TT Equity","ASEC International Corp","TW","Technology Hardware & Equipmen"
"8054 TT Equity","Alcor Micro Corp/Taiwan","TW","Semiconductors & Semiconductor"
"3071 TT Equity","Adda Corp","TW","Technology Hardware & Equipmen"
"3033 TT Equity","Weikeng Industrial Co Ltd","TW","Technology Hardware & Equipmen"
"2475 TT Equity","Chunghwa Picture Tubes Ltd","TW","Technology Hardware & Equipmen"
"1816 HK Equity","CGN Power Co Ltd","CN","Utilities"
"LIGT3 BZ Equity","Light SA","BR","Utilities"
"064350 KS Equity","Hyundai Rotem Co Ltd","KR","Capital Goods"
"010120 KS Equity","LS Industrial Systems Co Ltd","KR","Capital Goods"
"2376 TT Equity","Gigabyte Technology Co Ltd","TW","Technology Hardware & Equipmen"
"MTDL IJ Equity","Metrodata Electronics Tbk PT","ID","Technology Hardware & Equipmen"
"FB US Equity","Facebook Inc","US","Media & Entertainment"
"0667229D IJ Equity","Packet Systems Indonesia PT","ID","#N/A N/A"
"3382 JP Equity","Seven & i Holdings Co Ltd","JP","Food & Staples Retailing"
"YUM US Equity","Yum! Brands Inc","US","Consumer Services"
"DLTR US Equity","Dollar Tree Inc","US","Retailing"
"TIT IM Equity","Telecom Italia SpA/Milano","IT","Telecommunication Services"
"COLR BB Equity","Colruyt SA","BE","Food & Staples Retailing"
"0868565D JP Equity","INO Japan Co Ltd","JP","#N/A N/A"
"108320 KS Equity","Silicon Works Co Ltd","KR","Semiconductors & Semiconductor"
"3150 TT Equity","Syncomm Technology Corp","TW","Semiconductors & Semiconductor"
"039870 KS Equity","PK Ltd","KR","#N/A N/A"
"3592 TT Equity","Raydium Semiconductor Corp","TW","Semiconductors & Semiconductor"
"3545 TT Equity","FocalTech Systems Co Ltd","TW","Semiconductors & Semiconductor"
"6462 TT Equity","Egis Technology Inc","TW","Technology Hardware & Equipmen"
"2344 TT Equity","Winbond Electronics Corp","TW","Semiconductors & Semiconductor"
"2337 TT Equity","Macronix International","TW","Semiconductors & Semiconductor"
"2436 TT Equity","Weltrend Semiconductor","TW","Semiconductors & Semiconductor"
"000536 CH Equity","CPT Technology Group Co Ltd","CN","Technology Hardware & Equipmen"
"6172 TT Equity","Billionton Systems Inc","TW","Technology Hardware & Equipmen"
"6241 TT Equity","Amigo Technology Inc","TW","Technology Hardware & Equipmen"
"2799 HK Equity","China Huarong Asset Management Co Ltd","CN","Diversified Financials"
"BPEZ CH Equity","Beijing Peony Electric","CN","#N/A N/A"
"300303 CH Equity","Shenzhen Jufei Optoelectronics Co Ltd","CN","Semiconductors & Semiconductor"
"300241 CH Equity","Shenzhen Refond Optoelectronics Co Ltd","CN","Semiconductors & Semiconductor"
"1386206D CH Equity","Zhejiang MTCN Technology Co Ltd","CN","#N/A N/A"
"002358 CH Equity","Henan Senyuan Electric Co Ltd","CN","Capital Goods"
"122990 KS Equity","WiSoL Co Ltd","KR","Technology Hardware & Equipmen"
"IJAIZZ CH Equity","Beijing Hyundai Motor Co Corp","CN","#N/A N/A"
"DFYKMZ CH Equity","Dongfeng Yueda Kia Motors Co Ltd","CN","#N/A N/A"
